{"cameraMode":{"drawMode":0,"name":"Shaded","section":"Shading Mode"},"sceneLighting":true,"audioPlay":false,"sceneViewState":{"showFog":true,"showMaterialUpdate":false,"showSkybox":true,"showFlares":true,"showImageEffects":true,"showParticleSystems":true},"in2DMode":false,"pivot":{"x":-9.043508529663086,"y":-0.395460844039917,"z":43.110107421875},"rotation":{"x":-0.05046818032860756,"y":0.6019313931465149,"z":-0.03815663978457451,"w":-0.7960671782493591},"size":14.682997703552246,"orthographic":false}